Время,Монета,"Спред, %","Прибыль, USDT"
2025-04-06T07:53:25.987523,POND,4.28,42.83
2025-04-06T07:53:25.987523,PEOPLE,3.33,33.3
2025-04-06T07:53:25.987523,TRU,2.56,25.6
2025-04-06T07:53:25.987523,ARPA,2.02,20.23
2025-04-06T07:53:25.987523,ACH,1.91,19.06
2025-04-06T07:53:25.987523,SYS,1.84,18.36
2025-04-06T07:53:25.987523,ROSE,1.77,17.73
2025-04-06T07:53:25.987523,DODO,1.49,14.89
2025-04-06T07:53:25.987523,ALT,1.01,10.08
2025-04-06T07:54:26.955070,POND,4.4,44.02
2025-04-06T07:54:26.955070,PEOPLE,3.33,33.29
2025-04-06T07:54:26.955070,TRU,2.56,25.59
2025-04-06T07:54:26.955070,ARPA,2.07,20.67
2025-04-06T07:54:26.955070,ACH,2.0,20.02
2025-04-06T07:54:26.955070,ROSE,1.77,17.73
2025-04-06T07:54:26.955070,SYS,1.55,15.52
2025-04-06T07:54:26.955070,DODO,1.49,14.88
2025-04-06T07:54:26.955070,ALT,1.19,11.95
2025-04-06T07:55:27.506944,POND,4.4,43.99
2025-04-06T07:55:27.506944,PEOPLE,3.33,33.26
2025-04-06T07:55:27.506944,TRU,2.22,22.23
2025-04-06T07:55:27.506944,ARPA,2.06,20.65
2025-04-06T07:55:27.506944,ACH,1.9,19.03
2025-04-06T07:55:27.506944,SYS,1.83,18.33
2025-04-06T07:55:27.506944,ROSE,1.77,17.7
2025-04-06T07:55:27.506944,DODO,1.49,14.86
2025-04-06T07:55:27.506944,ALT,1.19,11.92
2025-04-06T07:55:27.506944,ZK,1.11,11.11
2025-04-06T07:56:28.095323,POND,4.35,43.51
2025-04-06T07:56:28.095323,PEOPLE,3.2,31.99
2025-04-06T07:56:28.095323,TRU,2.51,25.1
2025-04-06T07:56:28.095323,ARPA,1.97,19.74
2025-04-06T07:56:28.095323,ACH,1.95,19.53
2025-04-06T07:56:28.095323,ROSE,1.64,16.38
2025-04-06T07:56:28.095323,SYS,1.5,15.03
2025-04-06T07:56:28.095323,DODO,1.44,14.4
2025-04-06T07:56:28.096323,ALT,1.18,11.83
2025-04-06T07:56:28.096323,ZK,1.06,10.65
2025-04-06T07:57:28.577608,POND,4.32,43.19
2025-04-06T07:57:28.577608,PEOPLE,3.17,31.67
2025-04-06T07:57:28.577608,TRU,2.48,24.78
2025-04-06T07:57:28.577608,ACH,1.97,19.7
2025-04-06T07:57:28.577608,ARPA,1.94,19.42
2025-04-06T07:57:28.577608,ROSE,1.74,17.35
2025-04-06T07:57:28.577608,SYS,1.47,14.71
2025-04-06T07:57:28.577608,DODO,1.41,14.08
2025-04-06T07:57:28.577608,ALT,1.34,13.4
2025-04-06T07:57:28.577608,MAGIC,1.04,10.45
2025-04-06T07:57:28.577608,ZK,1.03,10.34
2025-04-06T07:58:29.022767,POND,4.43,44.31
2025-04-06T07:58:29.022767,PEOPLE,3.16,31.59
2025-04-06T07:58:29.022767,TRU,2.47,24.7
2025-04-06T07:58:29.022767,ARPA,1.93,19.34
2025-04-06T07:58:29.022767,ACH,1.91,19.14
2025-04-06T07:58:29.022767,SYS,1.75,17.47
2025-04-06T07:58:29.022767,ROSE,1.68,16.84
2025-04-06T07:58:29.022767,DODO,1.4,14.0
2025-04-06T07:58:29.022767,ALT,1.26,12.57
2025-04-06T07:58:29.022767,MAGIC,1.04,10.37
2025-04-06T07:58:29.022767,ZK,1.03,10.26
2025-04-06T08:43:51.639888,POND,4.71,47.09
2025-04-06T08:43:51.639888,PEOPLE,3.16,31.58
2025-04-06T08:44:52.400297,POND,4.71,47.09
2025-04-06T08:44:52.400297,PEOPLE,3.08,30.78
2025-04-06T08:45:53.187969,POND,4.57,45.66
2025-04-06T08:46:53.691126,POND,4.44,44.43
2025-04-06T08:47:54.189408,POND,4.45,44.46
2025-04-06T08:48:54.629221,POND,4.54,45.42
2025-04-06T08:49:55.096502,POND,4.43,44.32
2025-04-06T08:50:55.569709,POND,4.43,44.27
2025-04-06T08:51:56.013797,POND,4.43,44.3
2025-04-06T08:52:56.499109,POND,4.33,43.28
2025-04-06T08:53:57.244937,POND,4.4,44.01
2025-04-06T08:54:57.895222,POND,4.44,44.42
2025-04-06T08:55:58.372809,POND,4.28,42.8
2025-04-06T08:56:58.822900,POND,4.04,40.38
2025-04-06T08:57:59.416661,POND,3.92,39.19
2025-04-06T08:58:59.904100,POND,4.09,40.89
2025-04-06T09:00:01.147809,POND,3.84,38.36
2025-04-06T09:01:25.153677,POND,3.8,38.0
2025-04-06T09:02:25.801199,POND,3.69,36.91
2025-04-06T09:03:09.881778,POND,3.69,36.91
2025-04-06T09:04:11.274496,POND,3.72,37.17
2025-04-06T09:05:11.735387,POND,3.79,37.93
2025-04-06T09:05:11.735387,VET,3.1,31.05
2025-04-06T09:06:12.237133,POND,3.66,36.6
2025-04-06T09:06:12.237133,VET,3.19,31.85
2025-04-06T09:07:32.911143,POND,3.68,36.77
2025-04-06T09:07:32.912141,VET,3.15,31.55
2025-04-06T09:07:32.912141,FLM,2.33,23.29
2025-04-06T09:07:32.912141,TRU,2.1,20.98
2025-04-06T09:07:32.912141,ARPA,1.94,19.39
2025-04-06T09:07:32.912141,ACH,1.63,16.33
2025-04-06T09:07:32.912141,ALT,0.92,9.18
2025-04-06T09:07:32.912141,SYS,0.86,8.62
2025-04-06T09:07:32.912141,STPT,0.82,8.2
2025-04-06T09:07:32.912141,GAS,0.77,7.66
2025-04-06T09:07:32.912141,SAGA,0.67,6.67
2025-04-06T09:07:32.912141,QTUM,0.54,5.45
2025-04-06T09:07:32.912141,CHZ,0.5,5.02
2025-04-06T09:07:32.912141,ELF,0.5,4.95
2025-04-06T09:07:32.912141,ONT,0.36,3.63
2025-04-06T09:07:32.912141,FIS,0.35,3.48
2025-04-06T09:07:32.912141,API3,0.33,3.31
2025-04-06T09:07:32.912141,NFP,0.31,3.07
2025-04-06T09:07:32.912141,STRK,0.29,2.88
2025-04-06T09:07:32.912141,PIVX,0.29,2.87
2025-04-06T09:07:32.912141,BICO,0.28,2.81
2025-04-06T09:07:32.912141,RARE,0.27,2.7
2025-04-06T09:07:32.912141,RVN,0.26,2.6
2025-04-06T09:07:32.912141,OG,0.23,2.29
2025-04-06T09:07:32.912141,UMA,0.21,2.11
2025-04-06T09:07:32.912141,ANKR,0.19,1.85
2025-04-06T09:07:32.912141,TNSR,0.17,1.68
2025-04-06T09:07:32.912141,ONG,0.16,1.62
2025-04-06T09:07:32.912141,VIDT,0.13,1.33
2025-04-06T09:07:32.912141,ENJ,0.13,1.32
2025-04-06T09:07:32.912141,REQ,0.12,1.17
2025-04-06T09:07:32.912141,EIGEN,0.11,1.09
2025-04-06T09:07:32.912141,ALGO,0.11,1.12
2025-04-06T09:07:32.912141,VANRY,0.1,1.04
2025-04-06T09:07:32.912141,OGN,0.08,0.8
2025-04-06T09:07:32.912141,ID,0.08,0.8
2025-04-06T09:07:32.912141,ILV,0.08,0.77
2025-04-06T09:07:32.912141,LDO,0.08,0.78
2025-04-06T09:07:32.912141,AR,0.08,0.8
2025-04-06T09:07:32.912141,GLMR,0.07,0.73
2025-04-06T09:07:32.912141,QNT,0.06,0.65
2025-04-06T09:07:32.912141,PNUT,0.06,0.63
2025-04-06T09:07:32.912141,OP,0.05,0.54
2025-04-06T09:07:32.912141,STRAX,0.04,0.4
2025-04-06T09:07:32.913140,BB,0.04,0.39
2025-04-06T09:07:32.913140,RED,0.01,0.08
2025-04-06T09:08:33.825984,POND,3.9,39.0
2025-04-06T09:08:33.825984,VET,3.14,31.41
2025-04-06T09:08:33.825984,FLM,2.87,28.69
2025-04-06T09:08:33.825984,TRU,2.42,24.17
2025-04-06T09:08:33.825984,ARPA,1.93,19.26
2025-04-06T09:08:33.825984,ACH,1.57,15.72
2025-04-06T09:08:33.825984,ALT,1.02,10.17
2025-04-06T09:08:33.825984,SYS,0.85,8.49
2025-04-06T09:08:33.825984,PIVX,0.84,8.4
2025-04-06T09:08:33.825984,STPT,0.73,7.33
2025-04-06T09:08:33.825984,SAGA,0.65,6.53
2025-04-06T09:08:33.825984,QTUM,0.64,6.37
2025-04-06T09:08:33.825984,ELF,0.56,5.62
2025-04-06T09:08:33.825984,GAS,0.52,5.17
2025-04-06T09:08:33.825984,FIS,0.5,5.02
2025-04-06T09:08:33.825984,VANRY,0.5,4.97
2025-04-06T09:08:33.825984,NFP,0.46,4.63
2025-04-06T09:08:33.825984,CHZ,0.44,4.4
2025-04-06T09:08:33.825984,REQ,0.39,3.89
2025-04-06T09:08:33.825984,ONT,0.35,3.5
2025-04-06T09:08:33.825984,STRK,0.28,2.75
2025-04-06T09:08:33.825984,KMD,0.27,2.74
2025-04-06T09:08:33.825984,BICO,0.27,2.68
2025-04-06T09:08:33.825984,RARE,0.26,2.57
2025-04-06T09:08:33.825984,RVN,0.25,2.47
2025-04-06T09:08:33.825984,TNSR,0.23,2.34
2025-04-06T09:08:33.825984,EIGEN,0.22,2.21
2025-04-06T09:08:33.826981,UMA,0.2,1.98
2025-04-06T09:08:33.826981,API3,0.2,1.98
2025-04-06T09:08:33.826981,PNUT,0.19,1.89
2025-04-06T09:08:33.826981,ANKR,0.17,1.72
2025-04-06T09:08:33.826981,ONG,0.15,1.49
2025-04-06T09:08:33.826981,OG,0.14,1.38
2025-04-06T09:08:33.826981,ENJ,0.12,1.19
2025-04-06T09:08:33.826981,VIDT,0.08,0.77
2025-04-06T09:08:33.826981,OGN,0.07,0.67
2025-04-06T09:08:33.826981,ARDR,0.07,0.69
2025-04-06T09:08:33.826981,LDO,0.07,0.65
2025-04-06T09:08:33.826981,AR,0.07,0.67
2025-04-06T09:08:33.826981,GLMR,0.06,0.6
2025-04-06T09:08:33.826981,ILV,0.06,0.64
2025-04-06T09:08:33.826981,TFUEL,0.05,0.51
2025-04-06T09:08:33.826981,RED,0.05,0.46
2025-04-06T09:08:33.826981,OP,0.04,0.41
2025-04-06T09:08:33.826981,ALGO,0.04,0.43
2025-04-06T09:09:34.482871,POND,3.69,36.95
2025-04-06T09:09:34.482871,VET,3.12,31.25
2025-04-06T09:09:34.482871,FLM,2.9,29.0
2025-04-06T09:09:34.482871,TRU,2.12,21.16
2025-04-06T09:09:34.482871,ARPA,1.96,19.57
2025-04-06T09:09:34.482871,ACH,1.51,15.07
2025-04-06T09:09:34.482871,STPT,0.96,9.6
2025-04-06T09:09:34.482871,ALT,0.9,8.99
2025-04-06T09:09:34.482871,SYS,0.88,8.8
2025-04-06T09:09:34.482871,GAS,0.69,6.89
2025-04-06T09:09:34.482871,QTUM,0.67,6.68
2025-04-06T09:09:34.482871,PIVX,0.63,6.27
2025-04-06T09:09:34.482871,FIS,0.62,6.16
2025-04-06T09:09:34.482871,SAGA,0.61,6.08
2025-04-06T09:09:34.483869,ELF,0.55,5.52
2025-04-06T09:09:34.483869,CHZ,0.47,4.7
2025-04-06T09:09:34.483869,RARE,0.43,4.34
2025-04-06T09:09:34.483869,NFP,0.32,3.24
2025-04-06T09:09:34.483869,STRK,0.31,3.06
2025-04-06T09:09:34.483869,RVN,0.28,2.77
2025-04-06T09:09:34.483869,OG,0.27,2.72
2025-04-06T09:09:34.483869,API3,0.23,2.28
2025-04-06T09:09:34.483869,REQ,0.23,2.29
2025-04-06T09:09:34.483869,ANKR,0.2,2.03
2025-04-06T09:09:34.483869,BICO,0.2,1.96
2025-04-06T09:09:34.483869,KMD,0.15,1.52
2025-04-06T09:09:34.483869,ENJ,0.15,1.5
2025-04-06T09:09:34.483869,EIGEN,0.13,1.27
2025-04-06T09:09:34.483869,MTL,0.12,1.22
2025-04-06T09:09:34.483869,VANRY,0.12,1.22
2025-04-06T09:09:34.483869,LTO,0.12,1.22
2025-04-06T09:09:34.483869,TFUEL,0.11,1.12
2025-04-06T09:09:34.483869,OGN,0.1,0.98
2025-04-06T09:09:34.483869,AR,0.1,0.98
2025-04-06T09:09:34.483869,ICX,0.09,0.91
2025-04-06T09:09:34.483869,ILV,0.09,0.94
2025-04-06T09:09:34.483869,PNUT,0.08,0.8
2025-04-06T09:09:34.483869,ALGO,0.07,0.74
2025-04-06T09:09:34.483869,VIDT,0.06,0.64
2025-04-06T09:09:34.483869,ONG,0.06,0.64
2025-04-06T09:09:34.483869,STRAX,0.06,0.57
2025-04-06T09:09:34.483869,TNSR,0.03,0.27
2025-04-06T09:10:35.201540,POND,3.81,38.13
2025-04-06T09:10:35.202540,VET,3.08,30.77
2025-04-06T09:10:35.202540,FLM,2.9,29.0
2025-04-06T09:10:35.202540,TRU,2.12,21.16
2025-04-06T09:10:35.202540,ARPA,1.96,19.57
2025-04-06T09:10:35.202540,ACH,1.51,15.07
2025-04-06T09:10:35.202540,ALT,0.97,9.73
2025-04-06T09:10:35.202540,SYS,0.88,8.8
2025-04-06T09:10:35.202540,GAS,0.74,7.37
2025-04-06T09:10:35.203124,PIVX,0.71,7.08
2025-04-06T09:10:35.203124,QTUM,0.67,6.68
2025-04-06T09:10:35.203124,STPT,0.64,6.41
2025-04-06T09:10:35.203347,FIS,0.62,6.16
2025-04-06T09:10:35.203347,ELF,0.55,5.52
2025-04-06T09:10:35.203347,SAGA,0.53,5.32
2025-04-06T09:10:35.203347,CHZ,0.47,4.7
2025-04-06T09:10:35.203347,NFP,0.32,3.24
2025-04-06T09:10:35.203347,STRK,0.31,3.06
2025-04-06T09:10:35.203347,KMD,0.3,3.05
2025-04-06T09:10:35.203347,BICO,0.3,2.99
2025-04-06T09:10:35.203347,RARE,0.29,2.87
2025-04-06T09:10:35.203347,RVN,0.28,2.77
2025-04-06T09:10:35.203347,KAITO,0.24,2.45
2025-04-06T09:10:35.203347,API3,0.23,2.28
2025-04-06T09:10:35.203347,PNUT,0.22,2.19
2025-04-06T09:10:35.203347,ANKR,0.2,2.03
2025-04-06T09:10:35.203347,OG,0.19,1.94
2025-04-06T09:10:35.203347,ILV,0.18,1.78
2025-04-06T09:10:35.203347,ALPHA,0.16,1.64
2025-04-06T09:10:35.203347,ENJ,0.15,1.5
2025-04-06T09:10:35.203347,EIGEN,0.13,1.27
2025-04-06T09:10:35.203347,ONG,0.12,1.22
2025-04-06T09:10:35.204350,MTL,0.12,1.22
2025-04-06T09:10:35.204350,VANRY,0.12,1.22
2025-04-06T09:10:35.204350,OGN,0.1,0.98
2025-04-06T09:10:35.204350,AR,0.1,0.98
2025-04-06T09:10:35.204350,ICX,0.09,0.91
2025-04-06T09:10:35.204350,1INCH,0.08,0.78
2025-04-06T09:10:35.204350,REQ,0.04,0.4
2025-04-06T09:10:35.204350,FET,0.03,0.27
2025-04-06T09:10:35.204350,TNSR,0.03,0.27
2025-04-06T09:10:35.204350,ALGO,0.02,0.18
2025-04-06T09:11:35.900693,VET,3.16,31.58
2025-04-06T09:11:35.900693,FLM,2.33,23.33
2025-04-06T09:11:35.900693,TRU,2.1,21.02
2025-04-06T09:11:35.900693,ARPA,1.94,19.43
2025-04-06T09:11:35.900693,ACH,1.35,13.5
2025-04-06T09:11:35.900693,ALT,0.92,9.22
2025-04-06T09:11:35.900693,SYS,0.87,8.66
2025-04-06T09:11:35.900693,GAS,0.86,8.65
2025-04-06T09:11:35.900693,FIS,0.69,6.86
2025-04-06T09:11:35.900693,QTUM,0.65,6.54
2025-04-06T09:11:35.900693,ELF,0.54,5.39
2025-04-06T09:11:35.900693,PIVX,0.53,5.32
2025-04-06T09:11:35.900693,VANRY,0.51,5.13
2025-04-06T09:11:35.900693,SAGA,0.44,4.43
2025-04-06T09:11:35.900693,KAITO,0.42,4.22
2025-04-06T09:11:35.900693,CHZ,0.38,3.83
2025-04-06T09:11:35.900693,API3,0.33,3.34
2025-04-06T09:11:35.900693,NFP,0.31,3.1
2025-04-06T09:11:35.900693,BICO,0.28,2.85
2025-04-06T09:11:35.900693,PNUT,0.21,2.06
2025-04-06T09:11:35.900693,ANKR,0.19,1.89
2025-04-06T09:11:35.900693,OG,0.18,1.81
2025-04-06T09:11:35.900693,ILV,0.16,1.64
2025-04-06T09:11:35.900693,STRK,0.15,1.47
2025-04-06T09:11:35.900693,ALPHA,0.15,1.51
2025-04-06T09:11:35.900693,KMD,0.14,1.39
2025-04-06T09:11:35.900693,ENJ,0.14,1.36
2025-04-06T09:11:35.900693,REQ,0.12,1.21
2025-04-06T09:11:35.900693,EIGEN,0.11,1.13
2025-04-06T09:11:35.900693,ICX,0.08,0.77
2025-04-06T09:11:35.900693,OGN,0.08,0.84
2025-04-06T09:11:35.900693,AR,0.08,0.84
2025-04-06T09:11:35.900693,1INCH,0.06,0.64
2025-04-06T13:02:51.781515,ZIL,6.44,64.43
2025-04-06T13:03:53.106727,ZIL,6.57,65.7
2025-04-06T13:04:53.700047,ZIL,6.66,66.58
2025-04-06T13:05:54.526844,ZIL,6.64,66.38
2025-04-06T13:06:55.041322,ZIL,6.42,64.15
2025-04-06T13:08:25.677620,ZIL,6.47,64.74
2025-04-06T13:10:08.279573,ZIL,6.54,65.38
2025-04-06T13:10:08.279573,GALA,3.79,37.86
2025-04-06T13:10:08.279573,FIO,3.78,37.77
2025-04-06T13:11:08.860949,ZIL,6.61,66.06
2025-04-06T13:11:08.860949,GALA,3.9,39.01
2025-04-06T13:11:08.860949,FIO,3.83,38.29
2025-04-06T13:11:08.860949,VIDT,3.04,30.42
2025-04-06T13:14:36.874325,ZIL,6.52,65.19
2025-04-06T13:14:36.874325,FIO,3.84,38.39
2025-04-06T13:14:36.874325,GALA,3.77,37.66
2025-04-06T13:15:37.333466,ZIL,6.77,67.67
2025-04-06T13:15:37.333466,FIO,3.96,39.57
2025-04-06T13:15:37.333466,GALA,3.94,39.39
2025-04-06T13:16:37.782046,ZIL,6.77,67.66
2025-04-06T13:16:37.782046,FIO,3.94,39.42
2025-04-06T13:16:37.782046,GALA,3.84,38.42
2025-04-06T13:17:38.429322,ZIL,6.84,68.41
2025-04-06T13:17:38.429322,FIO,4.08,40.82
2025-04-06T13:17:38.429322,GALA,3.96,39.64
2025-04-06T13:17:38.429322,VANRY,3.03,30.25
2025-04-06T13:18:38.885759,ZIL,6.79,67.93
2025-04-06T13:18:38.885759,FIO,4.04,40.36
2025-04-06T13:18:38.886761,GALA,3.99,39.9
2025-04-06T13:19:39.341137,ZIL,6.82,68.19
2025-04-06T13:19:39.342137,FIO,4.23,42.26
2025-04-06T13:19:39.342137,GALA,3.94,39.43
2025-04-06T13:19:39.342137,VANRY,3.0,30.04
2025-04-06T13:20:39.896139,ZIL,6.86,68.56
2025-04-06T13:20:39.896139,FIO,4.33,43.3
2025-04-06T13:20:39.896139,GALA,4.03,40.28
2025-04-06T13:21:11.519632,ZIL,6.91,69.12
2025-04-06T13:21:11.519632,FLM,5.29,52.88
2025-04-06T13:21:11.519632,FIO,4.47,44.68
2025-04-06T13:21:11.519632,GALA,4.16,41.56
2025-04-06T13:21:11.519632,VANRY,3.0,29.99
2025-04-06T13:21:11.519632,DODO,2.03,20.32
2025-04-06T13:22:12.160227,ZIL,7.06,70.58
2025-04-06T13:22:12.160227,FIO,4.75,47.48
2025-04-06T13:22:12.160227,GALA,4.25,42.5
2025-04-06T13:22:12.160227,DODO,2.37,23.66
2025-04-06T13:22:12.160227,TRU,2.26,22.56
2025-04-06T13:23:12.790833,ZIL,7.02,70.17
2025-04-06T13:23:12.790833,FIO,4.64,46.39
2025-04-06T13:23:12.790833,GALA,4.23,42.35
2025-04-06T13:23:12.790833,DODO,2.23,22.3
2025-04-06T13:24:13.516114,ZIL,6.89,68.94
2025-04-06T13:24:13.517113,FIO,4.62,46.16
2025-04-06T13:24:13.517113,GALA,4.21,42.11
2025-04-06T13:24:13.517113,DODO,2.21,22.07
2025-04-06T13:25:14.123848,ZIL,6.97,69.69
2025-04-06T13:25:14.123848,FIO,4.59,45.91
2025-04-06T13:25:14.123848,GALA,4.26,42.6
2025-04-06T13:25:14.123848,DODO,2.38,23.76
2025-04-06T13:25:14.123848,STPT,2.08,20.82
2025-04-06T13:26:14.773690,ZIL,6.83,68.34
2025-04-06T13:26:14.773690,FIO,4.81,48.06
2025-04-06T13:26:14.773690,STPT,2.75,27.47
2025-04-06T13:26:14.773690,DODO,2.34,23.42
2025-04-06T13:26:14.773690,SYS,2.03,20.33
2025-04-06T13:27:15.446214,ZIL,7.0,69.96
2025-04-06T13:27:15.447212,FIO,5.19,51.89
2025-04-06T13:27:15.447212,STPT,3.29,32.93
2025-04-06T13:27:15.447212,DODO,2.31,23.07
2025-04-06T13:28:16.691367,ZIL,7.0,70.03
2025-04-06T13:28:16.691367,FIO,5.45,54.48
2025-04-06T13:28:16.691367,DODO,2.31,23.13
2025-04-06T13:28:16.691367,SYS,2.0,20.05
2025-04-06T13:29:17.460253,ZIL,6.97,69.72
2025-04-06T13:29:17.460253,FIO,5.33,53.34
2025-04-06T13:29:17.460253,DODO,2.28,22.84
2025-04-06T13:29:17.460253,TRU,2.18,21.75
2025-04-06T13:33:08.122183,ZIL,6.67,66.73
2025-04-06T13:33:08.122183,FIO,5.34,53.45
2025-04-06T13:34:09.634371,ZIL,6.61,66.14
2025-04-06T13:34:09.634371,FIO,5.2,52.02
2025-04-06T13:35:10.453075,ZIL,6.66,66.56
2025-04-06T13:35:10.453075,FIO,5.24,52.45
2025-04-06T13:36:07.991504,ZIL,6.6,65.96
2025-04-06T13:36:07.991504,FIO,5.35,53.54
2025-04-06T13:37:08.979259,ZIL,6.76,67.61
2025-04-06T13:37:08.979259,FIO,5.83,58.29
2025-04-06T13:38:09.789477,ZIL,6.77,67.66
2025-04-06T13:38:09.789477,FIO,5.83,58.34
2025-04-06T13:39:19.424817,ZIL,6.66,66.55
2025-04-06T13:39:19.424817,FIO,5.82,58.22
2025-04-06T13:40:20.045438,ZIL,6.78,67.8
2025-04-06T13:40:20.045438,FIO,5.84,58.35
2025-04-06T13:40:20.045438,VIDT,3.21,32.06
2025-04-06T13:41:20.512468,ZIL,6.72,67.19
2025-04-06T13:41:20.512468,FIO,6.13,61.29
2025-04-06T13:42:20.969515,ZIL,6.76,67.59
2025-04-06T13:42:20.969515,FIO,5.91,59.12
2025-04-06T13:43:22.771849,ZIL,6.81,68.07
2025-04-06T13:43:22.771849,FIO,5.86,58.62
2025-04-06T13:46:12.734088,ZIL,7.1,70.99
2025-04-06T13:46:12.734088,FIO,6.27,62.7
2025-04-06T13:46:12.734088,TRU,3.05,30.48
2025-04-06T13:47:13.420027,ZIL,7.05,70.53
2025-04-06T13:47:13.420027,FIO,6.22,62.25
2025-04-06T13:47:13.421031,TRU,3.0,30.04
2025-04-06T13:48:14.083357,ZIL,7.04,70.36
2025-04-06T13:48:14.083357,FIO,5.61,56.1
2025-04-06T13:49:14.684848,ZIL,6.96,69.65
2025-04-06T13:49:14.685847,FIO,5.72,57.23
2025-04-06T13:49:14.685847,TRU,3.02,30.15
2025-04-06T13:50:31.217829,ZIL,6.74,67.44
2025-04-06T13:50:31.217829,FIO,5.29,52.91
2025-04-06T13:51:32.412010,ZIL,6.89,68.9
2025-04-06T13:51:32.412010,FIO,5.24,52.4
2025-04-06T13:52:33.020901,ZIL,7.04,70.37
2025-04-06T13:52:33.020901,FIO,5.71,57.09
2025-04-06T13:53:33.563191,ZIL,7.21,72.06
2025-04-06T13:53:33.563191,FIO,5.91,59.08
2025-04-06T13:54:34.060114,FIO,6.03,60.32
2025-04-06T13:54:34.060114,CELR,3.33,33.28
2025-04-06T13:55:34.619843,FIO,6.09,60.91
2025-04-06T13:55:34.619843,CELR,3.26,32.56
2025-04-06T13:56:35.527493,FIO,5.65,56.48
2025-04-06T13:57:36.066128,FIO,5.84,58.43
2025-04-06T13:57:36.066128,CELR,3.44,34.4
2025-04-06T13:58:36.678799,FIO,5.87,58.69
2025-04-06T13:58:36.678799,CELR,3.34,33.36
2025-04-06T13:59:37.605613,FIO,5.63,56.32
2025-04-06T13:59:37.605613,CELR,3.35,33.54
2025-04-06T14:00:38.579158,FIO,5.67,56.71
2025-04-06T14:00:38.579158,CELR,3.7,37.01
2025-04-06T14:01:39.938230,FIO,5.96,59.57
2025-04-06T14:01:39.938230,CELR,3.38,33.85
2025-04-06T14:02:40.829325,FIO,5.78,57.79
2025-04-06T14:02:40.829325,CELR,3.54,35.44
2025-04-06T14:03:41.357541,FIO,5.59,55.88
2025-04-06T14:03:41.358541,CELR,3.44,34.41
2025-04-06T14:04:41.873799,FIO,6.11,61.09
2025-04-06T14:04:41.874798,CELR,3.58,35.81
2025-04-06T14:05:42.699291,FIO,6.4,64.04
2025-04-06T14:05:42.700290,CELR,3.88,38.79
2025-04-06T14:06:43.644097,CELR,3.73,37.34
2025-04-06T14:07:45.082363,CELR,3.61,36.08
2025-04-06T14:08:45.879510,CELR,3.65,36.47
2025-04-06T14:09:46.563299,CELR,3.59,35.89
2025-04-06T14:13:01.136918,ONE,5.97,59.7
2025-04-06T14:13:01.136918,CELR,3.17,31.71
2025-04-06T14:14:02.515064,ONE,5.7,57.04
2025-04-06T14:14:02.515064,CELR,3.09,30.89
2025-04-06T14:15:03.705520,ONE,5.6,56.01
2025-04-06T15:43:31.116622,CELR,3.25,32.51
2025-04-06T15:45:32.254091,CELR,3.21,32.15
2025-04-06T15:46:32.979688,CELR,3.15,31.5
2025-04-06T15:59:11.758736,CELR,3.63,36.32
2025-04-06T16:00:13.328457,CELR,3.51,35.09
2025-04-06T16:01:13.947883,CELR,3.5,35.05
2025-04-06T16:01:13.947883,DATA,3.0,30.01
2025-04-06T16:02:14.480884,DATA,3.78,37.78
2025-04-06T16:02:14.480884,CELR,3.29,32.85
2025-04-06T16:03:15.052448,DATA,3.85,38.53
2025-04-06T16:03:15.052448,CELR,3.42,34.17
2025-04-06T16:04:15.709146,DATA,3.9,38.96
2025-04-06T16:04:15.709146,CELR,3.39,33.87
2025-04-06T16:05:16.345005,DATA,3.93,39.25
2025-04-06T16:05:16.345005,CELR,3.29,32.87
2025-04-06T16:06:17.179630,DATA,3.79,37.92
2025-04-06T16:06:17.179630,CELR,3.37,33.72
2025-04-06T16:07:17.776351,DATA,4.36,43.56
2025-04-06T16:07:17.776351,CELR,3.35,33.51
2025-04-06T16:08:18.302858,DATA,4.27,42.69
2025-04-06T16:08:18.302858,CELR,3.47,34.68
2025-04-06T16:09:18.890175,DATA,4.37,43.68
2025-04-06T16:09:18.890175,CELR,3.68,36.81
2025-04-06T16:10:19.652217,DATA,4.37,43.67
2025-04-06T16:10:19.652217,CELR,3.68,36.8
2025-04-06T16:11:20.205012,DATA,4.23,42.34
2025-04-06T16:11:20.205012,CELR,3.56,35.63
2025-04-06T16:12:20.811165,DATA,4.0,39.99
2025-04-06T16:12:20.811165,CELR,3.94,39.41
2025-04-06T16:13:21.353128,DATA,4.08,40.79
2025-04-06T16:13:21.353128,CELR,3.95,39.47
2025-04-06T16:14:22.417123,DATA,3.99,39.87
2025-04-06T16:14:22.417123,CELR,3.93,39.29
2025-04-06T16:15:23.124341,DATA,4.11,41.13
2025-04-06T16:15:23.124341,CELR,3.78,37.77
2025-04-06T16:16:23.757292,DATA,4.06,40.65
2025-04-06T16:16:23.757292,CELR,3.8,38.02
2025-04-06T16:17:24.328165,CELR,3.93,39.29
2025-04-06T16:18:24.898546,CELR,4.0,39.96
2025-04-06T16:19:25.555912,CELR,4.19,41.88
2025-04-06T16:20:27.203696,CELR,3.98,39.84
2025-04-06T16:21:27.781864,CELR,3.98,39.75
2025-04-06T16:22:28.348552,CELR,4.03,40.29
2025-04-06T16:23:28.947081,CELR,4.15,41.54
2025-04-06T16:24:29.508867,CELR,3.95,39.55
2025-04-06T16:25:30.504927,CELR,3.9,38.95
2025-04-06T16:26:31.089423,CELR,3.77,37.73
2025-04-06T16:27:32.267094,CELR,3.86,38.6
2025-04-06T16:28:33.344032,CELR,3.82,38.21
2025-04-06T16:29:33.920599,CELR,3.81,38.13
2025-04-06T16:30:34.691914,CELR,3.84,38.39
2025-04-06T16:31:35.547378,CELR,3.9,39.02
2025-04-06T16:32:36.728491,CELR,4.12,41.22
2025-04-06T16:33:37.305285,CELR,4.12,41.2
2025-04-06T16:34:37.941291,CELR,4.45,44.48
2025-04-06T16:35:38.582645,CELR,4.47,44.67
2025-04-06T16:36:40.437277,CELR,4.44,44.42
2025-04-06T16:37:41.068356,CELR,4.37,43.68
2025-04-06T16:38:43.609378,CELR,4.31,43.14
2025-04-06T16:39:44.164191,CELR,4.06,40.55
2025-04-06T16:40:46.022625,CELR,4.13,41.29
2025-04-06T16:41:46.817616,CELR,4.09,40.91
2025-04-06T16:42:47.929167,CELR,4.27,42.74
2025-04-06T16:43:48.962730,CELR,4.4,44.0
2025-04-06T16:44:49.695525,CELR,3.93,39.31
2025-04-06T16:45:51.169860,CELR,3.94,39.42
2025-04-06T16:46:53.377417,CELR,4.06,40.65
2025-04-06T16:47:54.150096,CELR,4.12,41.2
2025-04-06T16:47:54.150096,SYS,3.2,31.97
2025-04-06T16:48:54.794322,CELR,4.19,41.91
2025-04-06T16:49:56.921588,CELR,4.13,41.34
2025-04-06T16:49:56.921588,SYS,3.04,30.41
2025-04-06T16:50:58.107378,CELR,4.1,41.05
2025-04-06T16:50:58.107378,SYS,3.01,30.12
2025-04-06T16:51:58.829822,CELR,4.1,40.95
2025-04-06T16:52:59.466925,CELR,3.93,39.28
2025-04-06T16:54:00.119130,CELR,3.97,39.69
2025-04-06T16:55:01.617758,CELR,3.9,38.98
2025-04-06T16:56:02.265273,CELR,3.87,38.72
2025-04-06T16:57:02.940756,CELR,4.06,40.61
2025-04-06T16:58:03.754984,CELR,3.87,38.71
2025-04-06T16:59:05.975724,CELR,3.75,37.46
2025-04-06T17:00:06.712417,CELR,3.94,39.44
2025-04-06T20:53:00.711939,CELR,8.08,80.8
2025-04-06T20:53:00.711939,ANKR,4.49,44.87
2025-04-06T20:53:00.711939,GALA,3.87,38.7
2025-04-06T20:53:00.711939,FIO,3.3,32.97
2025-04-06T20:53:00.711939,WAXP,3.05,30.48
2025-04-06T20:54:01.377760,CELR,8.29,82.9
2025-04-06T20:54:01.377760,ANKR,4.75,47.5
2025-04-06T20:54:01.377760,GALA,4.27,42.71
2025-04-06T20:54:01.377760,FIO,3.48,34.84
2025-04-06T20:54:01.377760,WAXP,3.25,32.46
2025-04-06T20:54:01.377760,VET,3.15,31.46
2025-04-06T20:54:01.377760,TRU,3.15,31.52
2025-04-06T20:55:01.866631,CELR,8.42,84.24
2025-04-06T20:55:01.866631,ANKR,4.81,48.1
2025-04-06T20:55:01.866631,GALA,4.16,41.56
2025-04-06T20:55:01.866631,TRU,3.28,32.8
2025-04-06T20:55:01.866631,FIO,3.25,32.5
2025-04-06T20:55:01.866631,WAXP,3.2,32.04
2025-04-06T20:55:01.866631,VET,3.17,31.7
2025-04-06T20:56:02.368564,CELR,8.31,83.12
2025-04-06T20:56:02.368564,ANKR,4.78,47.81
2025-04-06T20:56:02.368564,GALA,4.25,42.54
2025-04-06T20:56:02.368564,WAXP,3.5,34.95
2025-04-06T20:56:02.368564,TRU,3.46,34.58
2025-04-06T20:56:02.368564,FIO,3.43,34.27
2025-04-06T20:56:02.368564,VET,3.3,32.95
2025-04-06T20:56:02.368564,SYS,3.03,30.28
2025-04-06T20:57:02.883682,CELR,8.4,84.01
2025-04-06T20:57:02.883682,FIO,3.73,37.34
2025-04-06T20:57:02.883682,WAXP,3.55,35.52
2025-04-06T20:57:02.883682,TRU,3.4,34.01
2025-04-06T20:57:02.883682,VET,3.39,33.95
2025-04-06T20:57:02.883682,SYS,3.29,32.93
2025-04-06T20:58:03.457234,CELR,8.67,86.68
2025-04-06T20:58:03.457234,FIO,3.83,38.33
2025-04-06T20:58:03.457234,WAXP,3.6,36.05
2025-04-06T20:58:03.457234,TRU,3.6,36.05
2025-04-06T20:58:03.457234,VET,3.48,34.83
2025-04-06T20:58:03.457234,SYS,3.12,31.19
2025-04-06T20:59:03.928789,CELR,8.39,83.93
2025-04-06T20:59:03.928789,FIO,3.77,37.65
2025-04-06T20:59:03.928789,WAXP,3.4,34.01
2025-04-06T20:59:03.928789,TRU,3.25,32.5
2025-04-06T20:59:03.928789,VET,3.19,31.92
2025-04-06T20:59:03.928789,SYS,3.14,31.43
2025-04-06T21:00:04.468613,CELR,8.55,85.45
2025-04-06T21:00:04.468613,FIO,3.49,34.95
2025-04-06T21:00:04.468613,WAXP,3.35,33.47
2025-04-06T21:00:04.468613,VET,3.3,32.99
2025-04-06T21:00:04.468613,TRU,3.25,32.53
2025-04-06T21:01:05.044128,CELR,8.19,81.94
2025-04-06T21:01:05.044128,WAXP,3.27,32.69
2025-04-06T21:01:05.044128,FIO,3.22,32.24
2025-04-06T21:01:05.044128,VET,3.18,31.82
2025-04-06T21:02:05.560835,CELR,8.06,80.59
2025-04-06T21:02:05.560835,FIO,3.38,33.79
2025-04-06T21:02:05.560835,VET,3.18,31.81
2025-04-06T21:02:05.560835,WAXP,3.03,30.3
2025-04-06T21:03:06.074123,CELR,7.93,79.28
2025-04-06T21:04:06.894074,CELR,8.06,80.57
2025-04-06T21:05:07.385353,CELR,7.75,77.47
2025-04-06T21:06:07.951828,CELR,8.1,80.98
2025-04-06T21:06:07.951828,FIO,3.0,30.05
2025-04-06T21:07:08.432448,CELR,8.13,81.35
2025-04-06T21:07:08.432448,FIO,3.09,30.91
2025-04-06T21:08:09.195059,CELR,8.37,83.66
2025-04-06T21:08:09.195059,FIO,3.3,32.98
2025-04-06T21:08:09.195059,VET,3.19,31.9
2025-04-06T21:08:09.195059,WAXP,3.04,30.39
2025-04-06T21:09:09.753355,CELR,8.76,87.61
2025-04-06T21:09:09.753355,FIO,3.61,36.09
2025-04-06T21:09:09.753355,VET,3.45,34.52
2025-04-06T21:09:09.753355,WAXP,3.21,32.13
2025-04-06T21:10:10.255773,CELR,8.65,86.53
2025-04-06T21:10:10.255773,FIO,3.83,38.32
2025-04-06T21:10:10.255773,WAXP,3.42,34.23
2025-04-06T21:10:10.255773,VET,3.23,32.32
2025-04-06T21:11:10.774979,FIO,3.87,38.71
2025-04-06T21:11:10.774979,WAXP,3.46,34.61
2025-04-06T21:11:10.774979,VET,3.37,33.74
2025-04-06T21:12:11.284819,VET,3.38,33.79
2025-04-06T21:12:11.284819,FIO,3.29,32.92
2025-04-06T21:13:11.884743,FIO,3.45,34.53
2025-04-06T21:13:11.884743,VET,3.42,34.22
2025-04-06T21:14:12.540120,FIO,3.57,35.71
2025-04-06T21:14:12.540120,VET,3.35,33.46
2025-04-06T21:15:13.081042,FIO,3.67,36.73
2025-04-06T21:15:13.081042,VET,3.45,34.47
2025-04-06T21:15:13.081042,WAXP,3.17,31.66
2025-04-06T21:16:13.634022,VET,3.34,33.44
2025-04-06T21:17:14.112170,VET,3.35,33.49
2025-04-06T21:18:14.648955,FIO,3.05,30.45
2025-04-06T21:19:15.163243,CELR,8.02,80.25
2025-04-06T21:19:15.163243,FIO,3.55,35.51
2025-04-06T21:20:15.928462,CELR,8.02,80.25
2025-04-06T21:20:15.928462,FIO,3.91,39.13
2025-04-06T21:20:15.928462,NKN,3.0,30.01
2025-04-06T21:21:16.436845,CELR,8.01,80.13
2025-04-06T21:21:16.436845,FIO,3.91,39.13
2025-04-06T21:21:16.436845,NKN,3.27,32.71
2025-04-06T21:22:16.950610,CELR,7.82,78.19
2025-04-06T21:22:16.950610,FIO,3.64,36.36
2025-04-06T21:22:16.950610,NKN,3.09,30.85
2025-04-06T21:23:17.435457,CELR,8.24,82.37
2025-04-06T21:23:17.435457,FIO,3.85,38.45
2025-04-06T21:23:17.435457,WAXP,3.32,33.15
2025-04-06T21:23:17.435457,NKN,3.2,32.03
2025-04-06T21:24:18.051884,CELR,8.11,81.06
2025-04-06T21:24:18.052574,FIO,3.63,36.29
2025-04-06T21:24:18.052574,VET,3.58,35.84
2025-04-06T21:24:18.052574,NKN,3.08,30.79
2025-04-06T21:24:18.052574,WAXP,3.02,30.23
2025-04-06T21:25:18.539389,CELR,8.02,80.22
2025-04-06T21:25:18.539389,FIO,3.64,36.39
2025-04-06T21:26:19.037817,CELR,8.1,81.02
2025-04-06T21:26:19.037817,FIO,3.75,37.55
2025-04-06T21:27:19.514445,CELR,7.89,78.9
2025-04-06T21:27:19.514445,FIO,3.59,35.92
2025-04-06T21:27:19.514445,NKN,3.01,30.11
2025-04-06T21:28:19.989340,CELR,8.08,80.82
2025-04-06T21:28:19.989340,FIO,3.72,37.25
2025-04-06T21:28:19.989340,NKN,3.05,30.53
2025-04-06T21:28:19.989340,WAXP,3.02,30.25
2025-04-06T21:29:20.491875,CELR,8.03,80.28
2025-04-06T21:29:20.491875,FIO,3.91,39.05
2025-04-06T21:29:20.491875,WAXP,3.11,31.14
2025-04-06T21:30:21.054222,CELR,8.04,80.39
2025-04-06T21:30:21.054222,FIO,3.46,34.62
2025-04-06T21:30:21.054222,WAXP,3.01,30.12
2025-04-06T21:31:21.541382,CELR,7.73,77.32
2025-04-06T21:31:21.541382,FIO,3.22,32.2
2025-04-06T21:32:22.135240,CELR,8.38,83.81
2025-04-06T21:32:22.135240,FIO,3.42,34.16
2025-04-06T21:32:22.135240,WAXP,3.11,31.12
